id,name,email,city,country,joined_date
1,James Smith,james.smith@example.com,London,UK,2023-01-05
2,Mary Johnson,mary.johnson@example.com,Manchester,UK,2023-01-12
3,John Williams,john.williams@example.com,Birmingham,UK,2023-01-15
4,Patricia Brown,patricia.brown@example.com,Leeds,UK,2023-01-20
5,Robert Jones,robert.jones@example.com,Glasgow,UK,2023-01-22
6,Jennifer Garcia,jennifer.garcia@example.com,Liverpool,UK,2023-02-01
7,Michael Miller,michael.miller@example.com,Bristol,UK,2023-02-05
8,Linda Davis,linda.davis@example.com,Edinburgh,UK,2023-02-10
9,William Rodriguez,william.rodriguez@example.com,London,UK,2023-02-14
10,Elizabeth Martinez,elizabeth.martinez@example.com,Manchester,UK,2023-02-18
11,David Hernandez,david.hernandez@example.com,Birmingham,UK,2023-02-22
12,Barbara Lopez,barbara.lopez@example.com,Leeds,UK,2023-03-01
13,Richard Gonzalez,richard.gonzalez@example.com,Glasgow,UK,2023-03-04
14,Susan Wilson,susan.wilson@example.com,Liverpool,UK,2023-03-09
15,Joseph Anderson,joseph.anderson@example.com,Bristol,UK,2023-03-12
16,Jessica Thomas,jessica.thomas@example.com,Edinburgh,UK,2023-03-15
17,Thomas Taylor,thomas.taylor@example.com,London,UK,2023-03-20
18,Sarah Moore,sarah.moore@example.com,Manchester,UK,2023-03-25
19,Charles Jackson,charles.jackson@example.com,Birmingham,UK,2023-03-28
20,Karen Martin,karen.martin@example.com,Leeds,UK,2023-04-02
21,Christopher Lee,christopher.lee@example.com,Glasgow,UK,2023-04-05
22,Nancy Perez,nancy.perez@example.com,Liverpool,UK,2023-04-10
23,Daniel Thompson,daniel.thompson@example.com,Bristol,UK,2023-04-14
24,Lisa White,lisa.white@example.com,Edinburgh,UK,2023-04-18
25,Matthew Harris,matthew.harris@example.com,London,UK,2023-04-22
26,Betty Sanchez,betty.sanchez@example.com,Manchester,UK,2023-04-25
27,Anthony Clark,anthony.clark@example.com,Birmingham,UK,2023-04-29
28,Margaret Ramirez,margaret.ramirez@example.com,Leeds,UK,2023-05-03
29,Mark Lewis,mark.lewis@example.com,Glasgow,UK,2023-05-07
30,Sandra Robinson,sandra.robinson@example.com,Liverpool,UK,2023-05-11
31,Donald Walker,donald.walker@example.com,Bristol,UK,2023-05-15
32,Ashley Young,ashley.young@example.com,Edinburgh,UK,2023-05-18
33,Steven Allen,steven.allen@example.com,London,UK,2023-05-22
34,Kimberly King,kimberly.king@example.com,Manchester,UK,2023-05-26
35,Paul Wright,paul.wright@example.com,Birmingham,UK,2023-05-30
36,Emily Scott,emily.scott@example.com,Leeds,UK,2023-06-02
37,Andrew Torres,andrew.torres@example.com,Glasgow,UK,2023-06-06
38,Donna Nguyen,donna.nguyen@example.com,Liverpool,UK,2023-06-10
39,Joshua Hill,joshua.hill@example.com,Bristol,UK,2023-06-14
40,Michelle Flores,michelle.flores@example.com,Edinburgh,UK,2023-06-18
41,Kenneth Green,kenneth.green@example.com,London,UK,2023-06-21
42,Carol Adams,carol.adams@example.com,Manchester,UK,2023-06-25
43,Kevin Nelson,kevin.nelson@example.com,Birmingham,UK,2023-06-28
44,Amanda Baker,amanda.baker@example.com,Leeds,UK,2023-07-02
45,Brian Hall,brian.hall@example.com,Glasgow,UK,2023-07-05
46,Melissa Rivera,melissa.rivera@example.com,Liverpool,UK,2023-07-09
47,George Campbell,george.campbell@example.com,Bristol,UK,2023-07-12
48,Deborah Mitchell,deborah.mitchell@example.com,Edinburgh,UK,2023-07-16
49,Edward Carter,edward.carter@example.com,London,UK,2023-07-20
50,Stephanie Roberts,stephanie.roberts@example.com,Manchester,UK,2023-07-25