id,customer_id,product,category,quantity,price,order_date
1,12,Wireless Mouse,Electronics,2,51.98,01/01/2023
2,5,Mechanical Keyboard,Electronics,1,79.99,02/01/2023
3,42,HD Monitor 27-inch,Electronics,1,189.5,03/01/2023
4,1,USB-C Hub,Electronics,3,102,04/01/2023
5,18,Noise-Canceling Headphones,Electronics,1,129.99,05/02/2023
6,33,Standing Desk Converter,Furniture,1,149,06/02/2023
7,2,Ergonomic Chair,Furniture,1,219.99,07/08/2023
8,27,LED Desk Lamp,Furniture,2,59.9,08/08/2023
9,15,A5 Hardcover Notebook,Stationery,5,62.5,09/01/2023
10,8,Gel Pen Pack (10x),Stationery,2,17.98,10/03/2023
11,24,Wireless Mouse,Electronics,1,25.99,11/03/2023
12,39,Mechanical Keyboard,Electronics,2,159.98,12/03/2023
13,3,HD Monitor 27-inch,Electronics,2,379,13/03/2023
14,49,USB-C Hub,Electronics,1,34,14/03/2023
15,10,Noise-Canceling Headphones,Electronics,1,129.99,15/03/2023
16,31,Standing Desk Converter,Furniture,1,149,16/03/2023
17,20,Ergonomic Chair,Furniture,1,219.99,17/04/2023
18,45,LED Desk Lamp,Furniture,1,29.95,18/05/2023
19,7,A5 Hardcover Notebook,Stationery,3,37.5,19/04/2023
20,50,Gel Pen Pack (10x),Stationery,4,35.96,20/06/2023
21,11,Wireless Mouse,Electronics,1,25.99,21/08/2023
22,29,Mechanical Keyboard,Electronics,1,79.99,22/11/2023
23,36,HD Monitor 27-inch,Electronics,1,189.5,23/12/2023
24,4,USB-C Hub,Electronics,2,68,24/10/2023
25,16,Noise-Canceling Headphones,Electronics,2,259.98,25/10/2023
26,22,Standing Desk Converter,Furniture,1,149,26/10/2023
27,41,Ergonomic Chair,Furniture,1,219.99,27/12/2023
28,13,LED Desk Lamp,Furniture,3,89.85,28/08/2023
29,35,A5 Hardcover Notebook,Stationery,2,25,29/07/2023
30,28,Gel Pen Pack (10x),Stationery,1,8.99,30/07/2023
31,6,Wireless Mouse,Electronics,3,77.97,31/10/2023
32,44,Mechanical Keyboard,Electronics,1,79.99,01/10/2023
33,19,HD Monitor 27-inch,Electronics,1,189.5,02/09/2023
34,37,USB-C Hub,Electronics,1,34,03/09/2023
35,23,Noise-Canceling Headphones,Electronics,1,129.99,04/09/2023
36,48,Standing Desk Converter,Furniture,1,149,05/12/2023
37,9,Ergonomic Chair,Furniture,2,439.98,06/12/2023
38,30,LED Desk Lamp,Furniture,1,29.95,07/12/2023
39,26,A5 Hardcover Notebook,Stationery,4,50,08/09/2023
40,17,Gel Pen Pack (10x),Stationery,3,26.97,09/09/2023
41,34,Wireless Mouse,Electronics,1,25.99,10/09/2023
42,21,Mechanical Keyboard,Electronics,1,79.99,11/09/2023
43,40,HD Monitor 27-inch,Electronics,1,189.5,12/06/2023
44,46,USB-C Hub,Electronics,2,68,13/09/2023
45,25,Noise-Canceling Headphones,Electronics,1,129.99,14/11/2023
46,47,Standing Desk Converter,Furniture,1,149,15/05/2023
47,38,Ergonomic Chair,Furniture,1,219.99,16/11/2023
48,14,LED Desk Lamp,Furniture,1,29.95,17/11/2023
49,32,A5 Hardcover Notebook,Stationery,2,25,18/02/2023
50,43,Gel Pen Pack (10x),Stationery,5,44.95,19/04/2023
